,Show,Date,Showtime,Sold Out?,Canceled?,Postponed?,Link
0,Peter Cat Recording Co.,5/2/2023,08:00 PM,Tickets Available,,,https://concerts.livenation.com/peter-cat-recording-co-philadelphia-pennsylvania-05-02-2023/event/02005E349F8A2E86
1,UPSAHL: This Is Still My First Headline Tour,5/3/2023,08:00 PM,Tickets Available,,,https://concerts.livenation.com/upsahl-this-is-still-my-first-philadelphia-pennsylvania-05-03-2023/event/02005E501E2497EA
2,Miranda Sings Featuring Colleen Ballinger,5/5/2023,07:30 PM,Tickets Available,,,https://concerts.livenation.com/miranda-sings-featuring-colleen-ballinger-philadelphia-pennsylvania-05-05-2023/event/02005D29BCE236C5
3,Rebecca Black,5/5/2023,09:00 PM,Tickets Available,,,https://concerts.livenation.com/rebecca-black-philadelphia-pennsylvania-05-05-2023/event/02005E3BE90B919A
4,So Far Gone (21+ event),5/6/2023,09:00 PM,Tickets Available,,,https://concerts.livenation.com/so-far-gone-21-event-philadelphia-pennsylvania-05-06-2023/event/02005E87A9A65B85
5,Austin Millz,5/6/2023,09:00 PM,Tickets Available,,,https://concerts.livenation.com/austin-millz-philadelphia-pennsylvania-05-06-2023/event/02005E49B8B657A7
6,Saves The Day & Finch,5/7/2023,07:00 PM,Tickets Available,,,https://concerts.livenation.com/saves-the-day-finch-philadelphia-pennsylvania-05-07-2023/event/02005E9CB89A450A
7,The Academic,5/7/2023,08:00 PM,Tickets Available,,,https://concerts.livenation.com/the-academic-philadelphia-pennsylvania-04-14-2023/event/02005D64A2513152
8,Transviolet: Body The Tour,5/8/2023,08:00 PM,Tickets Available,,,https://concerts.livenation.com/transviolet-body-the-tour-philadelphia-pennsylvania-05-08-2023/event/02005D6EAFE3A398
9,"Annie DiRusso: God, I Love This Tour",5/9/2023,08:00 PM,Tickets Available,,,https://concerts.livenation.com/annie-dirusso-god-i-love-this-philadelphia-pennsylvania-05-09-2023/event/02005E3EB1A59FB1
10,An Evening With John Butler,5/10/2023,08:00 PM,Tickets Available,,,https://concerts.livenation.com/an-evening-with-john-butler-philadelphia-pennsylvania-05-10-2023/event/02005E33E26E6878
11,Daisy the Great,5/10/2023,08:00 PM,Tickets Available,,,https://concerts.livenation.com/daisy-the-great-philadelphia-pennsylvania-05-10-2023/event/02005D8F99044754
12,Joey Valence & Brae,5/11/2023,08:00 PM,Tickets Available,,,https://concerts.livenation.com/joey-valence-brae-philadelphia-pennsylvania-05-11-2023/event/02005E69E11F4D97
13,Straight Up With Stassi Live - The Mommy Dearest Tour,5/11/2023,08:00 PM,Tickets Available,,,https://concerts.livenation.com/straight-up-with-stassi-live-the-philadelphia-pennsylvania-05-11-2023/event/02005E6AAFD2435D
14,Millyz,5/12/2023,08:00 PM,Tickets Available,,,https://concerts.livenation.com/millyz-philadelphia-pennsylvania-05-12-2023/event/02005E69D665470F
15,Seven Lions: Beyond The Veil - The Journey III Tour,5/12/2023,08:00 PM,Tickets Available,,,https://concerts.livenation.com/seven-lions-beyond-the-veil-the-philadelphia-pennsylvania-05-12-2023/event/02005D76B1192EEF
16,Mickey Darling,5/13/2023,08:00 PM,Tickets Available,,,https://concerts.livenation.com/mickey-darling-philadelphia-pennsylvania-05-13-2023/event/02005E7CC6F438FB
17,Frank Turner &The Sleeping Souls and The Interrupters W/ Special Guest,5/14/2023,07:30 PM,Tickets Available,,,https://concerts.livenation.com/frank-turner-the-sleeping-souls-and-philadelphia-pennsylvania-05-14-2023/event/02005D81EAD87B8B
18,WXPN Welcomes: Feist: Multitudes Tour,5/15/2023,08:00 PM,Tickets Available,,,https://concerts.livenation.com/wxpn-welcomes-feist-multitudes-tour-philadelphia-pennsylvania-05-15-2023/event/02005E49D7DD6868
19,Bluebucksclan - No Rules Tour,5/15/2023,08:00 PM,Tickets Available,,,https://concerts.livenation.com/bluebucksclan-no-rules-tour-philadelphia-pennsylvania-05-15-2023/event/02005E749CE81B43
20,WMGM Presents: Wage War - The Manic Tour,5/17/2023,07:00 PM,Tickets Available,,,https://concerts.livenation.com/wmgm-presents-wage-war-the-manic-philadelphia-pennsylvania-05-17-2023/event/02005E26EDD29035
21,Giggly Squad Live,5/18/2023,07:00 PM,Tickets Available,,,https://concerts.livenation.com/giggly-squad-live-philadelphia-pennsylvania-05-18-2023/event/02005D62B2A030D8
22,Eggy,5/18/2023,08:30 PM,Tickets Available,,,https://concerts.livenation.com/eggy-philadelphia-pennsylvania-05-18-2023/event/02005E43C3EB66D2
23,Giggly Squad Live,5/18/2023,09:30 PM,Tickets Available,,,https://concerts.livenation.com/giggly-squad-live-philadelphia-pennsylvania-05-18-2023/event/02005D6C119D8593
24,Bryson Tiller: Back and I'm Better Tour,5/21/2023,08:00 PM,Tickets Available,,,https://concerts.livenation.com/bryson-tiller-back-and-im-better-philadelphia-pennsylvania-05-21-2023/event/02005E69E62A5578
25,Bob Vylan - Ban Bob Vylan Tour,5/24/2023,08:00 PM,Tickets Available,,,https://concerts.livenation.com/bob-vylan-ban-bob-vylan-tour-philadelphia-pennsylvania-05-24-2023/event/02005E678B9A185F
26,Kid Sistr & Chloe Lilac,5/25/2023,07:30 PM,Tickets Available,,,https://concerts.livenation.com/kid-sistr-chloe-lilac-philadelphia-pennsylvania-05-25-2023/event/02005E7EDC01597F
27,38 Spesh,5/27/2023,08:00 PM,Tickets Available,,,https://concerts.livenation.com/38-spesh-philadelphia-pennsylvania-05-27-2023/event/02005E569766269F
28,Robert DeLong & Dreamers,5/30/2023,08:00 PM,Tickets Available,,,https://concerts.livenation.com/robert-delong-dreamers-philadelphia-pennsylvania-05-30-2023/event/02005E71931F2470
29,Thrice - The Artist In The Ambulance 20th Anniversary Tour,5/30/2023,08:00 PM,Tickets Available,,,
30,The Backseat Lovers: Waiting To Spill World Tour,5/31/2023,08:00 PM,Tickets Available,,,https://concerts.livenation.com/the-backseat-lovers-waiting-to-spill-philadelphia-pennsylvania-05-31-2023/event/02005D69FF42A8A8
31,Heart Attack Man,6/1/2023,07:30 PM,Tickets Available,,,https://concerts.livenation.com/heart-attack-man-philadelphia-pennsylvania-06-01-2023/event/02005E62D71681DA
32,Hippo Campus with Gus Dapperton,6/1/2023,08:00 PM,Tickets Available,,,https://concerts.livenation.com/hippo-campus-with-gus-dapperton-philadelphia-pennsylvania-06-01-2023/event/02005D69A36E2F43
33,Eladio Carri√≥n,6/2/2023,08:00 PM,Tickets Available,,,https://concerts.livenation.com/eladio-carrion-philadelphia-pennsylvania-06-02-2023/event/02005D8211E7A904
34,Rosie,6/2/2023,08:00 PM,Tickets Available,,,https://concerts.livenation.com/rosie-philadelphia-pennsylvania-06-02-2023/event/02005E7CF7D85F30
35,Benson Boone - Pulse Tour *MOVED TO BROOKLYN BOWL*,6/3/2023,08:00 PM,Tickets Available,,,https://www.ticketweb.com/event/benson-boone-brooklyn-bowl-philadelphia-tickets/13024395?pl=bbowlphilly
36,The Sisters of Mercy,6/3/2023,08:00 PM,Tickets Available,,,https://concerts.livenation.com/the-sisters-of-mercy-philadelphia-pennsylvania-06-03-2023/event/02005E43FFBD933A
37,Leith Ross *MOVED TO BROOKLYN BOWL*,6/4/2023,08:00 PM,Tickets Available,,,https://www.ticketweb.com/event/leith-ross-brooklyn-bowl-philadelphia-tickets/12962495?pl=bbowlphilly
38,Currents - The Death We Seek Tour,6/9/2023,07:00 PM,Tickets Available,,,https://concerts.livenation.com/currents-the-death-we-seek-tour-philadelphia-pennsylvania-06-09-2023/event/02005E63011C918C
39,Summer Salt,6/10/2023,08:00 PM,Tickets Available,,,https://concerts.livenation.com/summer-salt-philadelphia-pennsylvania-06-10-2023/event/02005E4904468738
40,Love and Rockets,6/10/2023,08:00 PM,Tickets Available,,,https://concerts.livenation.com/love-and-rockets-philadelphia-pennsylvania-06-10-2023/event/02005E86E983ABE7
41,Manila Grey,6/11/2023,08:00 PM,Tickets Available,,,https://concerts.livenation.com/manila-grey-philadelphia-pennsylvania-06-11-2023/event/02005E7D019B670A
42,John Early Live!,6/12/2023,07:00 PM,Tickets Available,,,https://concerts.livenation.com/john-early-live-philadelphia-pennsylvania-06-12-2023/event/02005E921F028755
43,"Quadeca & quickly, quickly",6/12/2023,08:00 PM,Tickets Available,,,https://concerts.livenation.com/quadeca-quickly-quickly-philadelphia-pennsylvania-06-12-2023/event/02005E859F0F279A
44,Evangelia - I Like What I See '23 Tour,6/14/2023,08:00 PM,Tickets Available,,,https://concerts.livenation.com/evangelia-i-like-what-i-see-philadelphia-pennsylvania-06-14-2023/event/02005E57D690848C
45,Babygirl,6/15/2023,08:00 PM,Tickets Available,,,https://concerts.livenation.com/babygirl-philadelphia-pennsylvania-06-15-2023/event/02005E68F86A6694
46,JELEEL! - REAL RAW TOUR!,6/16/2023,08:00 PM,Tickets Available,,,https://concerts.livenation.com/jeleel-real-raw-tour-philadelphia-pennsylvania-06-16-2023/event/02005E8DF2159470
47,SiriusXM Presents Yacht Rock Revue - Reverse Sunset Tour,6/16/2023,09:00 PM,Tickets Available,,,https://concerts.livenation.com/siriusxm-presents-yacht-rock-revue-reverse-philadelphia-pennsylvania-06-16-2023/event/02005E4FAB5336F3
48,$NOT presents Get Busy Or Die North American Tour 2023,6/18/2023,08:00 PM,Tickets Available,,,https://concerts.livenation.com/not-presents-get-busy-or-die-philadelphia-pennsylvania-06-18-2023/event/02005E583532AF55
49,Cloud Nothings & Wavves,6/18/2023,08:00 PM,Tickets Available,,,https://concerts.livenation.com/cloud-nothings-wavves-philadelphia-pennsylvania-06-18-2023/event/02005E85953F2319
50,Zella Day,6/19/2023,08:00 PM,Tickets Available,,,https://concerts.livenation.com/zella-day-philadelphia-pennsylvania-06-19-2023/event/02005E8394041B36
51,Bebe Rexha - Best F'n Night Of My Life,6/20/2023,07:30 PM,Tickets Available,,,https://concerts.livenation.com/bebe-rexha-best-fn-night-of-philadelphia-pennsylvania-06-20-2023/event/02005E50EA35726B
52,The Rocket Summer with special guest The Juliana Theory,6/20/2023,08:00 PM,Tickets Available,,,https://concerts.livenation.com/the-rocket-summer-with-special-guest-philadelphia-pennsylvania-06-20-2023/event/02005E7FFA9597E5
53,Weston Estate: Don't Kill The Messenger Tour ***MOVED TO BROOKLYN BOWL***,6/22/2023,08:00 PM,Tickets Available,,,https://www.ticketweb.com/event/weston-estate-brooklyn-bowl-philadelphia-tickets/13143858?pl=bbowlphilly
54,ZelooperZ: Traptastic Tour,6/22/2023,08:00 PM,Tickets Available,,,https://concerts.livenation.com/zelooperz-traptastic-tour-philadelphia-pennsylvania-06-22-2023/event/02005EA3B38C4572
55,Teachers Off Duty Podcast,6/24/2023,07:30 PM,Tickets Available,,,https://concerts.livenation.com/teachers-off-duty-podcast-philadelphia-pennsylvania-06-24-2023/event/02005E71B9BF3D2C
56,Tiny Habits - The Tiny Tour,6/24/2023,08:00 PM,Tickets Available,,,https://concerts.livenation.com/tiny-habits-the-tiny-tour-philadelphia-pennsylvania-06-24-2023/event/02005E6A2ED49D7E
57,Billie Marten,6/25/2023,08:00 PM,Tickets Available,,,https://concerts.livenation.com/billie-marten-philadelphia-pennsylvania-06-25-2023/event/02005E4920BC9383
58,Ab-Soul - The Intelligent Movement Tour,6/27/2023,08:00 PM,Tickets Available,,,https://concerts.livenation.com/absoul-the-intelligent-movement-tour-philadelphia-pennsylvania-06-27-2023/event/02005E7EF58274EA
59,Rosa Linn - American Daydream Tour,6/28/2023,08:00 PM,Tickets Available,,,https://concerts.livenation.com/rosa-linn-american-daydream-tour-philadelphia-pennsylvania-06-28-2023/event/02005E778E0724BE
60,Boy & Bear - State of Flight Tour,6/29/2023,08:00 PM,Tickets Available,,,https://concerts.livenation.com/boy-bear-state-of-flight-tour-philadelphia-pennsylvania-06-29-2023/event/02005C85E33356F0
61,Drake Milligan,6/30/2023,08:00 PM,Tickets Available,,,https://concerts.livenation.com/drake-milligan-philadelphia-pennsylvania-06-30-2023/event/02005E92DDD64208
62,Louise Post (of Veruca Salt),7/13/2023,08:00 PM,Tickets Available,,,https://concerts.livenation.com/louise-post-of-veruca-salt-philadelphia-pennsylvania-07-13-2023/event/02005E84A60E2AD3
63,Neal Brennan: BRAND NEW NEAL,7/14/2023,07:00 PM,Tickets Available,,,https://concerts.livenation.com/neal-brennan-brand-new-neal-philadelphia-pennsylvania-07-14-2023/event/02005D6429669FF3
64,Divine Sweater,7/15/2023,08:00 PM,Tickets Available,,,https://concerts.livenation.com/divine-sweater-philadelphia-pennsylvania-07-15-2023/event/02005E71C27E441A
65,Rema - RAVE & ROSES NORTH AMERICAN TOUR II,7/16/2023,08:00 PM,Tickets Available,,,https://concerts.livenation.com/rema-rave-roses-north-american-tour-philadelphia-pennsylvania-07-16-2023/event/02005E94AE473662
66,Harbour - To Chase My Dreams Or To Just Lie Down Tour,7/19/2023,08:00 PM,Tickets Available,,,https://concerts.livenation.com/harbour-to-chase-my-dreams-or-philadelphia-pennsylvania-07-19-2023/event/02005E9B92A42F16
67,The Wldlfe - Live On Tour Pt. Ii,7/21/2023,06:30 PM,Tickets Available,,,https://concerts.livenation.com/the-wldlfe-live-on-tour-pt-philadelphia-pennsylvania-07-21-2023/event/02005E85FC7B73EC
68,Poptropicaslutz! Truth Is In The Glitter Tour,7/22/2023,07:00 PM,Tickets Available,,,https://concerts.livenation.com/poptropicaslutz-truth-is-in-the-glitter-philadelphia-pennsylvania-07-22-2023/event/02005E8E98072B95
69,Remember The Name...The Struts Tour,7/22/2023,08:00 PM,Tickets Available,,,https://concerts.livenation.com/remember-the-namethe-struts-tour-philadelphia-pennsylvania-07-22-2023/event/02005E5723C6A948
70,Hobo Johnson,7/23/2023,08:00 PM,Tickets Available,,,https://concerts.livenation.com/hobo-johnson-philadelphia-pennsylvania-07-23-2023/event/02005E85AA4C338D
71,Lovett or Leave It: The Errors Tour 2023,7/28/2023,08:00 PM,Tickets Available,,,https://concerts.livenation.com/lovett-or-leave-it-the-errors-philadelphia-pennsylvania-07-28-2023/event/02005E71CDDA4B49
72,Arrows In Action,8/1/2023,07:30 PM,Tickets Available,,,https://concerts.livenation.com/arrows-in-action-philadelphia-pennsylvania-08-01-2023/event/02005E8A9F9F1F6C
73,binki,8/2/2023,08:00 PM,Tickets Available,,,https://concerts.livenation.com/binki-philadelphia-pennsylvania-08-02-2023/event/02005E7BB88337C6
74,The Bald Brothers Tour feat Tony Baker & KevOnStage,8/4/2023,07:30 PM,Tickets Available,,,https://concerts.livenation.com/the-bald-brothers-tour-feat-tony-philadelphia-pennsylvania-08-04-2023/event/02005E8E1376B0D0
75,KPOP Club Night (18+ Event),8/5/2023,09:00 PM,Tickets Available,,,https://concerts.livenation.com/kpop-club-night-18-event-philadelphia-pennsylvania-08-05-2023/event/02005E77AF0C378E
76,WXPN Welcomes: The Flaming Lips: Yoshimi Battles The Pink Robots,8/6/2023,08:30 PM,Tickets Available,,,https://concerts.livenation.com/wxpn-welcomes-the-flaming-lips-yoshimi-philadelphia-pennsylvania-08-06-2023/event/02005E77DB3A57AE
77,Jidenna - The Silk Road Tour,8/8/2023,08:00 PM,Tickets Available,,,https://concerts.livenation.com/jidenna-the-silk-road-tour-philadelphia-pennsylvania-08-08-2023/event/02005E7CD2483F3E
78,W.A.S.P. 40th Anniversary Tour...Continues,8/30/2023,08:00 PM,Tickets Available,,,https://concerts.livenation.com/wasp-40th-anniversary-tourcontinues-philadelphia-pennsylvania-08-30-2023/event/02005E84A011283A
79,Mr. Bungle,9/6/2023,08:00 PM,Tickets Available,,,https://concerts.livenation.com/mr-bungle-philadelphia-pennsylvania-09-06-2023/event/02005E7CD8EB4663
80,"Corey Holcomb: ""The Book Of Coreythians"" Chapter 1",9/8/2023,08:00 PM,Tickets Available,,,https://concerts.livenation.com/corey-holcomb-the-book-of-coreythians-philadelphia-pennsylvania-09-08-2023/event/02005E9AB0EF3554
81,Delain,9/12/2023,07:30 PM,Tickets Available,,,https://concerts.livenation.com/delain-philadelphia-pennsylvania-09-12-2023/event/02005E68111E759D
82,Timecop1983 feat. Josh Dally,9/13/2023,08:00 PM,Tickets Available,,,https://concerts.livenation.com/timecop1983-feat-josh-dally-philadelphia-pennsylvania-09-13-2023/event/02005E7BAE7C33A4
83,Nothing But Thieves,9/15/2023,07:15 PM,Tickets Available,,,https://concerts.livenation.com/nothing-but-thieves-philadelphia-pennsylvania-09-15-2023/event/02005E69E1344DA1
84,Claud: Supermodels Tour Part 1,9/15/2023,08:00 PM,Tickets Available,,,https://concerts.livenation.com/claud-supermodels-tour-part-1-philadelphia-pennsylvania-09-15-2023/event/02005E9CA08636F5
85,Bishop Briggs & MisterWives: The Don't Look Down Tour,9/16/2023,07:30 PM,Tickets Available,,,https://concerts.livenation.com/bishop-briggs-misterwives-the-dont-look-philadelphia-pennsylvania-09-16-2023/event/02005E9CE4DA63AE
86,ALT 104.5 Presents: All Time Low,9/17/2023,06:30 PM,Tickets Available,,,https://concerts.livenation.com/alt-1045-presents-all-time-low-philadelphia-pennsylvania-09-17-2023/event/02005E94CBDB4D1B
87,Casey,9/21/2023,08:00 PM,Tickets Available,,,https://concerts.livenation.com/casey-philadelphia-pennsylvania-09-21-2023/event/02005E69F1756090
88,Flogging Molly: Summer Tour 2023,9/22/2023,08:00 PM,Tickets Available,,,https://concerts.livenation.com/flogging-molly-summer-tour-2023-philadelphia-pennsylvania-09-22-2023/event/02005E8C8DD7184C
89,IDK,9/30/2023,08:00 PM,Tickets Available,,,https://concerts.livenation.com/idk-philadelphia-pennsylvania-09-30-2023/event/02005E93F4BD62AF
90,Small Town Murder,10/6/2023,08:00 PM,Tickets Available,,,https://concerts.livenation.com/small-town-murder-philadelphia-pennsylvania-10-06-2023/event/02005E55CF2E57C8
91,Eloise - Eloise North America Tour,10/7/2023,08:00 PM,Tickets Available,,,https://concerts.livenation.com/eloise-eloise-north-america-tour-philadelphia-pennsylvania-10-07-2023/event/02005E839D8C1DDF
92,The Mary Wallopers,10/11/2023,08:00 PM,Tickets Available,,,https://concerts.livenation.com/the-mary-wallopers-philadelphia-pennsylvania-10-11-2023/event/02005E9BE8E46E5D
93,Michelle Wolf: It's Great to Be Here,10/19/2023,07:00 PM,Tickets Available,,,https://concerts.livenation.com/michelle-wolf-its-great-to-be-philadelphia-pennsylvania-10-19-2023/event/02005E960AA25B5B
94,Noah Reid,11/1/2023,08:00 PM,Tickets Available,,,https://concerts.livenation.com/noah-reid-philadelphia-pennsylvania-11-01-2023/event/02005E931D86785A
95,Warren Zeiders,11/11/2023,08:00 PM,Tickets Available,,,https://concerts.livenation.com/warren-zeiders-philadelphia-pennsylvania-11-11-2023/event/02005E93189E752A
96,Half Moon Run,11/14/2023,08:00 PM,Tickets Available,,,https://concerts.livenation.com/half-moon-run-philadelphia-pennsylvania-11-14-2023/event/02005E629C154453
97,6LACK - Since I Have A Lover Tour,11/16/2023,08:00 PM,Tickets Available,,,https://concerts.livenation.com/6lack-since-i-have-a-lover-philadelphia-pennsylvania-11-16-2023/event/02005E9331377E06
98,CANCELED: Tall Heights,1/6/2024,07:00 PM,N/A,Canceled,N/A,https://concerts.livenation.com/tall-heights-philadelphia-pennsylvania-01-06-2024/event/02005B5D13E27439
99,Dope Shows Presents: Moneybagg Yo,3/12/2024,08:00 PM,Tickets Available,,,https://concerts.livenation.com/dope-shows-presents-moneybagg-yo-philadelphia-pennsylvania-03-12-2024/event/02005837AF5EB441
100,CANCELED: Kash Doll,3/16/2024,08:00 PM,N/A,Canceled,N/A,https://concerts.livenation.com/kash-doll-philadelphia-pennsylvania-03-16-2024/event/0200578BE4A5B3BD
101,CANCELED: Boogie T.RIO (18+ event),3/17/2024,09:00 PM,N/A,Canceled,N/A,https://concerts.livenation.com/boogie-trio-18-event-philadelphia-pennsylvania-03-17-2024/event/0200578DD867CF63
102,Steez Promo presents: Adventure Club x Carnage,3/20/2024,08:00 PM,Tickets Available,,,https://concerts.livenation.com/steez-promo-presents-adventure-club-x-philadelphia-pennsylvania-03-20-2024/event/02005843D6D8E28C
103,Little Simz,4/17/2024,08:00 PM,Tickets Available,,,https://concerts.livenation.com/little-simz-philadelphia-pennsylvania-04-17-2024/event/02005B30FA91A174
